id,name,sport,specialty,division_level,years_experience,city,state,latitude,longitude,hourly_price,avg_rating,review_count,completion_rate,response_rate,bio,goals_supported,improvement_areas_supported,preferred_athlete_levels,coaching_style,beginner_friendly,repeat_booking_rate,cancellation_rate,lesson_frequency_fit
1,Brooke Ward,baseball,strength_and_conditioning,JUCO,3,Dallas,TX,32.8388,-96.8787,57,4.1,33,0.99,0.78,"Performance coach building strength, movement quality, and explosive athletic development.",strength_speed_development|improve_game_performance,throwing_accuracy|reaction_speed,intermediate|advanced,drill_heavy_practice,false,0.72,0.02,occasional|weekly_long_term
2,Gavin Collins,baseball,hitting,D3,5,Dallas,TX,32.7271,-96.7661,56,4.4,59,0.91,0.73,"Hitting instructor focused on swing consistency, contact quality, and game approach.",build_fundamentals|build_confidence|improve_technique|improve_game_performance,swing_consistency|confidence_under_pressure,beginner|intermediate,patient_step_by_step,true,0.76,0.05,one_time_trial|occasional
3,Connor Evans,baseball,pitching,D2,8,Dallas,TX,32.7208,-96.6922,63,4.3,68,0.98,0.76,"Pitching coach focused on command, repeatable mechanics, and athlete confidence.",improve_technique|improve_game_performance,pitching_velocity|throwing_accuracy,intermediate|advanced,direct_technical_feedback,false,0.79,0.04,occasional|weekly_long_term
4,Noah Wood,baseball,hitting,D3,5,Dallas,TX,32.753,-96.9011,59,4.4,63,0.93,0.91,"Hitting instructor focused on swing consistency, contact quality, and game approach.",improve_technique|improve_game_performance,contact_hitting|swing_consistency|confidence_under_pressure,intermediate|advanced,direct_technical_feedback,false,0.84,0.04,occasional|weekly_long_term
5,Harper Diaz,baseball,catching,JUCO,4,Dallas,TX,32.8722,-96.8211,50,3.9,31,0.88,0.82,"Catching coach focused on receiving, blocking, throwing, and game management.",build_fundamentals|build_confidence|improve_technique|improve_game_performance,confidence_under_pressure|throwing_accuracy|catching_mechanics,beginner|intermediate,patient_step_by_step,true,0.64,0.08,one_time_trial|occasional
6,Jace Walker,baseball,infield,JUCO,1,Dallas,TX,32.82,-96.8895,50,4.2,12,0.91,0.89,"Infield coach developing glove work, transfers, footwork, and baseball IQ.",build_fundamentals|build_confidence|improve_technique,throwing_accuracy|reaction_speed|fielding_footwork,beginner|intermediate,patient_step_by_step,true,0.76,0.07,one_time_trial|occasional
7,Drew Ross,baseball,pitching,D2,3,Dallas,TX,32.8397,-96.7875,58,4.1,50,0.92,0.68,"Pitching coach focused on command, repeatable mechanics, and athlete confidence.",build_fundamentals|build_confidence|improve_technique|improve_game_performance,throwing_accuracy|pitching_control,beginner|intermediate,patient_step_by_step,true,0.74,0.06,one_time_trial|occasional
8,Jenna Moore,baseball,outfield,NAIA,1,Dallas,TX,32.8914,-96.7892,50,4.1,26,0.89,0.94,"Outfield coach improving reads, route efficiency, and throwing mechanics.",build_confidence|build_fundamentals|improve_game_performance,throwing_accuracy|fielding_footwork,beginner|intermediate,high_energy_motivation,true,0.6,0.07,one_time_trial|occasional|weekly_long_term
9,Owen Kelly,baseball,catching,NAIA,3,Dallas,TX,32.7618,-96.7928,49,4.0,28,0.96,0.77,"Catching coach focused on receiving, blocking, throwing, and game management.",build_fundamentals|build_confidence|improve_technique|improve_game_performance,confidence_under_pressure|catching_mechanics|throwing_accuracy,beginner|intermediate,patient_step_by_step,true,0.62,0.04,one_time_trial|occasional
10,Taylor Ross,baseball,pitching,NAIA,5,Dallas,TX,32.6885,-96.6925,60,4.1,38,0.97,0.89,"Pitching coach focused on command, repeatable mechanics, and athlete confidence.",build_fundamentals|build_confidence|improve_technique,confidence_under_pressure|pitching_velocity|throwing_accuracy,beginner|intermediate,patient_step_by_step,true,0.7,0.05,one_time_trial|occasional
11,Morgan Rivera,baseball,pitching,JUCO,1,Dallas,TX,32.7164,-96.8713,57,4.3,21,0.91,0.76,"Pitching coach focused on command, repeatable mechanics, and athlete confidence.",build_confidence|build_fundamentals|improve_game_performance,pitching_control|confidence_under_pressure,beginner|intermediate,high_energy_motivation,true,0.66,0.06,one_time_trial|occasional|weekly_long_term
12,Reese Scott,baseball,outfield,JUCO,2,Dallas,TX,32.6966,-96.8004,52,4.3,22,0.93,0.7,"Outfield coach improving reads, route efficiency, and throwing mechanics.",build_fundamentals|build_confidence|improve_technique,reaction_speed|throwing_accuracy,beginner|intermediate,patient_step_by_step,true,0.64,0.05,one_time_trial|occasional
13,Mason Brooks,baseball,hitting,D3,1,Dallas,TX,32.7957,-96.7869,51,4.4,12,0.97,0.84,"Hitting instructor focused on swing consistency, contact quality, and game approach.",build_confidence|build_fundamentals|improve_game_performance,swing_consistency|confidence_under_pressure,beginner|intermediate,high_energy_motivation,true,0.71,0.03,one_time_trial|occasional|weekly_long_term
14,Riley Flores,baseball,hitting,D2,8,Dallas,TX,32.6855,-96.7033,61,4.4,72,0.95,0.88,"Hitting instructor focused on swing consistency, contact quality, and game approach.",prepare_for_tryouts|improve_game_performance|improve_technique,swing_consistency|contact_hitting,advanced,game_situation_coaching,false,0.76,0.04,occasional|weekly_long_term
15,Tyler Price,baseball,infield,D3,5,Dallas,TX,32.7664,-96.694,53,4.3,52,0.98,0.88,"Infield coach developing glove work, transfers, footwork, and baseball IQ.",improve_technique|improve_game_performance,fielding_footwork|reaction_speed|throwing_accuracy,intermediate|advanced,direct_technical_feedback,false,0.84,0.02,occasional|weekly_long_term
16,Jenna Hughes,baseball,pitching,D3,8,Dallas,TX,32.7293,-96.6809,63,4.6,59,0.96,0.89,"Pitching coach focused on command, repeatable mechanics, and athlete confidence.",improve_technique|improve_game_performance,pitching_control|throwing_accuracy|confidence_under_pressure,intermediate|advanced,direct_technical_feedback,false,0.82,0.04,occasional|weekly_long_term
17,Sarah Nguyen,baseball,hitting,NAIA,3,Dallas,TX,32.778,-96.8567,57,4.2,31,0.99,0.85,"Hitting instructor focused on swing consistency, contact quality, and game approach.",build_confidence|build_fundamentals|improve_game_performance,contact_hitting|swing_consistency|confidence_under_pressure,beginner|intermediate,high_energy_motivation,true,0.74,0.03,one_time_trial|occasional|weekly_long_term
18,Ryan Bell,baseball,hitting,D1,8,Dallas,TX,32.8736,-96.7861,68,4.3,84,0.92,0.76,"Hitting instructor focused on swing consistency, contact quality, and game approach.",improve_technique|improve_game_performance,swing_consistency|contact_hitting,intermediate|advanced,direct_technical_feedback,false,0.82,0.04,occasional|weekly_long_term
19,Hayden Rivera,baseball,pitching,D1,8,Dallas,TX,32.8904,-96.7371,64,4.4,69,0.99,0.76,"Pitching coach focused on command, repeatable mechanics, and athlete confidence.",prepare_for_tryouts|improve_game_performance|improve_technique,throwing_accuracy|pitching_velocity|pitching_control,advanced,game_situation_coaching,false,0.87,0.03,occasional|weekly_long_term
20,Sarah Reed,baseball,hitting,NAIA,6,Dallas,TX,32.7101,-96.721,57,4.1,48,0.94,0.93,"Hitting instructor focused on swing consistency, contact quality, and game approach.",improve_technique|improve_game_performance,swing_consistency|contact_hitting|confidence_under_pressure,intermediate|advanced,direct_technical_feedback,false,0.76,0.03,occasional|weekly_long_term
21,Reese Miller,baseball,infield,NAIA,7,Dallas,TX,32.7362,-96.9104,56,4.3,68,0.99,0.87,"Infield coach developing glove work, transfers, footwork, and baseball IQ.",improve_technique|improve_game_performance,reaction_speed|throwing_accuracy|fielding_footwork,intermediate|advanced,direct_technical_feedback,false,0.83,0.03,occasional|weekly_long_term
22,Caleb Coleman,baseball,pitching,D3,3,Dallas,TX,32.7815,-96.7234,59,4.3,51,0.91,0.91,"Pitching coach focused on command, repeatable mechanics, and athlete confidence.",improve_technique|improve_game_performance,throwing_accuracy|confidence_under_pressure,intermediate|advanced,direct_technical_feedback,false,0.8,0.06,occasional|weekly_long_term
23,Kendall Hayes,baseball,pitching,D1,6,Dallas,TX,32.735,-96.7497,66,4.4,47,0.95,0.89,"Pitching coach focused on command, repeatable mechanics, and athlete confidence.",improve_technique|improve_game_performance,confidence_under_pressure|throwing_accuracy|pitching_control,intermediate|advanced,direct_technical_feedback,false,0.77,0.03,occasional|weekly_long_term
24,Olivia Nguyen,baseball,hitting,D2,7,Dallas,TX,32.7683,-96.8109,60,4.2,51,0.99,0.95,"Hitting instructor focused on swing consistency, contact quality, and game approach.",prepare_for_tryouts|improve_game_performance|improve_technique,confidence_under_pressure|contact_hitting|swing_consistency,advanced,game_situation_coaching,false,0.75,0.03,occasional|weekly_long_term
25,Owen Cook,softball,pitching,D1,8,Dallas,TX,32.658,-96.7368,72,4.6,72,0.95,0.83,"Pitching coach focused on command, repeatable mechanics, and athlete confidence.",improve_technique|improve_game_performance,pitching_velocity|pitching_control|confidence_under_pressure,intermediate|advanced,direct_technical_feedback,false,0.81,0.02,occasional|weekly_long_term
26,Cameron James,softball,hitting,D3,4,Dallas,TX,32.8037,-96.7444,55,4.3,43,0.96,0.83,"Hitting instructor focused on swing consistency, contact quality, and game approach.",build_fundamentals|build_confidence|improve_technique,swing_consistency|contact_hitting|confidence_under_pressure,beginner|intermediate,patient_step_by_step,true,0.69,0.07,one_time_trial|occasional
27,Sarah Lewis,softball,pitching,D1,7,Dallas,TX,32.7373,-96.7027,68,4.2,62,0.94,0.82,"Pitching coach focused on command, repeatable mechanics, and athlete confidence.",prepare_for_tryouts|improve_game_performance|improve_technique,confidence_under_pressure|pitching_velocity|pitching_control,advanced,game_situation_coaching,false,0.73,0.02,occasional|weekly_long_term
28,Hayden Wood,softball,hitting,NAIA,5,Dallas,TX,32.748,-96.9156,57,4.2,58,0.97,0.91,"Hitting instructor focused on swing consistency, contact quality, and game approach.",build_fundamentals|build_confidence|improve_technique|improve_game_performance,confidence_under_pressure|swing_consistency|contact_hitting,beginner|intermediate,patient_step_by_step,true,0.66,0.07,one_time_trial|occasional
29,Brandon Young,softball,fielding,D1,8,Dallas,TX,32.8483,-96.7432,67,4.6,74,0.94,0.97,"Defensive coach building footwork, reactions, and clean fielding technique.",improve_technique|improve_game_performance,fielding_footwork|reaction_speed|throwing_accuracy,intermediate|advanced,direct_technical_feedback,false,0.82,0.06,occasional|weekly_long_term
30,Skyler Walker,softball,pitching,D1,7,Dallas,TX,32.7075,-96.8386,68,4.4,51,0.99,0.92,"Pitching coach focused on command, repeatable mechanics, and athlete confidence.",prepare_for_tryouts|improve_game_performance|improve_technique,pitching_control|pitching_velocity|confidence_under_pressure,advanced,game_situation_coaching,false,0.84,0.03,occasional|weekly_long_term
31,Reese Turner,softball,pitching,JUCO,2,Dallas,TX,32.8581,-96.7679,59,4.2,22,0.99,0.71,"Pitching coach focused on command, repeatable mechanics, and athlete confidence.",build_fundamentals|build_confidence|improve_technique|improve_game_performance,pitching_control|confidence_under_pressure|pitching_velocity,beginner|intermediate,patient_step_by_step,true,0.64,0.05,one_time_trial|occasional
32,Jordan Kelly,softball,catching,JUCO,4,Dallas,TX,32.7519,-96.7454,53,4.2,55,0.9,0.85,"Catching coach focused on receiving, blocking, throwing, and game management.",build_fundamentals|build_confidence|improve_technique,catching_mechanics|confidence_under_pressure|throwing_accuracy,beginner|intermediate,patient_step_by_step,true,0.61,0.06,one_time_trial|occasional
33,Leah Allen,softball,fielding,D2,3,Dallas,TX,32.8606,-96.7196,53,4.3,34,0.96,0.89,"Defensive coach building footwork, reactions, and clean fielding technique.",improve_technique|improve_game_performance,throwing_accuracy|reaction_speed,intermediate|advanced,direct_technical_feedback,false,0.7,0.06,occasional|weekly_long_term
34,Cole James,softball,pitching,JUCO,5,Dallas,TX,32.7211,-96.7126,61,4.3,54,0.94,0.92,"Pitching coach focused on command, repeatable mechanics, and athlete confidence.",build_fundamentals|build_confidence|improve_technique|improve_game_performance,pitching_control|pitching_velocity|throwing_accuracy,beginner|intermediate,patient_step_by_step,true,0.75,0.03,one_time_trial|occasional
35,Hayden Martinez,softball,pitching,NAIA,8,Dallas,TX,32.8679,-96.7836,65,4.4,63,0.96,0.78,"Pitching coach focused on command, repeatable mechanics, and athlete confidence.",improve_technique|improve_game_performance,confidence_under_pressure|pitching_velocity|pitching_control,intermediate|advanced,direct_technical_feedback,false,0.77,0.03,occasional|weekly_long_term
36,Casey Nguyen,softball,speed_and_agility,D2,8,Dallas,TX,32.7151,-96.7576,59,4.3,67,0.99,0.81,"Speed and agility coach helping athletes improve reaction, movement, and explosiveness.",strength_speed_development|improve_game_performance,fielding_footwork|reaction_speed,intermediate|advanced,drill_heavy_practice,false,0.71,0.03,occasional|weekly_long_term
37,Rowan Hayes,softball,pitching,D3,8,Dallas,TX,32.7011,-96.8651,67,4.2,59,0.95,0.97,"Pitching coach focused on command, repeatable mechanics, and athlete confidence.",improve_technique|improve_game_performance,pitching_velocity|confidence_under_pressure|pitching_control,intermediate|advanced,direct_technical_feedback,false,0.76,0.05,occasional|weekly_long_term
38,Olivia Brooks,softball,hitting,D1,3,Dallas,TX,32.7895,-96.7496,59,4.3,36,0.98,0.85,"Hitting instructor focused on swing consistency, contact quality, and game approach.",improve_technique|improve_game_performance,swing_consistency|confidence_under_pressure|contact_hitting,intermediate|advanced,direct_technical_feedback,false,0.7,0.05,occasional|weekly_long_term
39,Julianna Ross,softball,catching,JUCO,4,Dallas,TX,32.7747,-96.7785,48,4.1,35,0.99,0.9,"Catching coach focused on receiving, blocking, throwing, and game management.",build_fundamentals|build_confidence|improve_technique|improve_game_performance,throwing_accuracy|catching_mechanics|confidence_under_pressure,beginner|intermediate,patient_step_by_step,true,0.72,0.04,one_time_trial|occasional
40,Lily Kelly,softball,fielding,D3,5,Dallas,TX,32.6712,-96.6866,53,3.9,42,0.9,0.85,"Defensive coach building footwork, reactions, and clean fielding technique.",build_fundamentals|build_confidence|improve_technique|improve_game_performance,fielding_footwork|throwing_accuracy|reaction_speed,beginner|intermediate,patient_step_by_step,true,0.62,0.07,one_time_trial|occasional
41,Mia Carter,baseball,pitching,D2,2,Austin,TX,30.3374,-97.7203,57,4.2,26,0.91,0.8,"Pitching coach focused on command, repeatable mechanics, and athlete confidence.",build_fundamentals|build_confidence|improve_technique,confidence_under_pressure|pitching_velocity|pitching_control,beginner|intermediate,patient_step_by_step,true,0.75,0.08,one_time_trial|occasional
42,Jenna Clark,baseball,pitching,D3,5,Austin,TX,30.2881,-97.8581,61,4.1,51,0.94,0.84,"Pitching coach focused on command, repeatable mechanics, and athlete confidence.",build_confidence|build_fundamentals|improve_game_performance,throwing_accuracy|pitching_control|pitching_velocity,beginner|intermediate,high_energy_motivation,true,0.72,0.08,one_time_trial|occasional|weekly_long_term
43,Ella Watson,baseball,infield,D3,3,Austin,TX,30.2243,-97.838,54,4.1,45,0.96,0.81,"Infield coach developing glove work, transfers, footwork, and baseball IQ.",build_confidence|build_fundamentals|improve_game_performance,fielding_footwork|reaction_speed|throwing_accuracy,beginner|intermediate,high_energy_motivation,true,0.61,0.05,one_time_trial|occasional|weekly_long_term
44,Noah Hayes,baseball,pitching,D2,3,Austin,TX,30.305,-97.7329,56,4.4,45,0.99,0.81,"Pitching coach focused on command, repeatable mechanics, and athlete confidence.",improve_technique|improve_game_performance,pitching_velocity|confidence_under_pressure|throwing_accuracy,intermediate|advanced,direct_technical_feedback,false,0.75,0.03,occasional|weekly_long_term
45,Jenna Cook,baseball,infield,NAIA,2,Austin,TX,30.3175,-97.7885,48,3.9,44,0.98,0.74,"Infield coach developing glove work, transfers, footwork, and baseball IQ.",build_confidence|build_fundamentals|improve_game_performance,fielding_footwork|reaction_speed|throwing_accuracy,beginner|intermediate,high_energy_motivation,true,0.58,0.05,one_time_trial|occasional|weekly_long_term
46,Sophie Bell,baseball,hitting,D3,5,Austin,TX,30.1819,-97.8174,57,4.3,62,0.89,0.72,"Hitting instructor focused on swing consistency, contact quality, and game approach.",build_fundamentals|build_confidence|improve_technique|improve_game_performance,confidence_under_pressure|contact_hitting|swing_consistency,beginner|intermediate,patient_step_by_step,true,0.71,0.07,one_time_trial|occasional
47,Olivia Wood,baseball,hitting,D2,5,Austin,TX,30.2634,-97.7833,63,4.5,42,0.98,0.93,"Hitting instructor focused on swing consistency, contact quality, and game approach.",build_fundamentals|build_confidence|improve_technique,contact_hitting|swing_consistency|confidence_under_pressure,beginner|intermediate,patient_step_by_step,true,0.74,0.05,one_time_trial|occasional
48,Owen Jenkins,baseball,outfield,NAIA,2,Austin,TX,30.2661,-97.8542,50,4.2,30,0.97,0.91,"Outfield coach improving reads, route efficiency, and throwing mechanics.",build_fundamentals|build_confidence|improve_technique|improve_game_performance,fielding_footwork|reaction_speed|throwing_accuracy,beginner|intermediate,patient_step_by_step,true,0.69,0.06,one_time_trial|occasional
49,Chase Price,baseball,pitching,JUCO,5,Austin,TX,30.2384,-97.7871,59,4.1,55,0.88,0.92,"Pitching coach focused on command, repeatable mechanics, and athlete confidence.",build_fundamentals|build_confidence|improve_technique|improve_game_performance,pitching_velocity|throwing_accuracy,beginner|intermediate,patient_step_by_step,true,0.73,0.07,one_time_trial|occasional
50,Drew Torres,baseball,pitching,NAIA,1,Austin,TX,30.1582,-97.672,53,4.2,32,0.95,0.72,"Pitching coach focused on command, repeatable mechanics, and athlete confidence.",build_fundamentals|build_confidence|improve_technique,pitching_control|throwing_accuracy|pitching_velocity,beginner|intermediate,patient_step_by_step,true,0.65,0.05,one_time_trial|occasional
51,Tyler Young,baseball,pitching,D2,5,Austin,TX,30.2575,-97.7031,60,4.3,65,0.96,0.79,"Pitching coach focused on command, repeatable mechanics, and athlete confidence.",improve_technique|improve_game_performance,throwing_accuracy|confidence_under_pressure,intermediate|advanced,direct_technical_feedback,false,0.83,0.04,occasional|weekly_long_term
52,Brandon Cook,baseball,catching,JUCO,2,Austin,TX,30.387,-97.6583,53,4.2,14,0.93,0.78,"Catching coach focused on receiving, blocking, throwing, and game management.",build_fundamentals|build_confidence|improve_technique,throwing_accuracy|catching_mechanics|confidence_under_pressure,beginner|intermediate,patient_step_by_step,true,0.62,0.05,one_time_trial|occasional
53,Harper Young,baseball,catching,JUCO,2,Austin,TX,30.2929,-97.7785,48,4.3,40,0.95,0.86,"Catching coach focused on receiving, blocking, throwing, and game management.",build_fundamentals|build_confidence|improve_technique,confidence_under_pressure|catching_mechanics|throwing_accuracy,beginner|intermediate,patient_step_by_step,true,0.71,0.06,one_time_trial|occasional
54,Taylor Baker,baseball,outfield,D1,5,Austin,TX,30.2256,-97.7634,62,4.2,43,0.93,0.95,"Outfield coach improving reads, route efficiency, and throwing mechanics.",improve_technique|improve_game_performance,reaction_speed|throwing_accuracy|fielding_footwork,intermediate|advanced,direct_technical_feedback,false,0.71,0.05,occasional|weekly_long_term
55,Gavin Hayes,baseball,hitting,D3,4,Austin,TX,30.3536,-97.6893,58,4.5,28,0.92,0.93,"Hitting instructor focused on swing consistency, contact quality, and game approach.",improve_technique|improve_game_performance,contact_hitting|confidence_under_pressure|swing_consistency,intermediate|advanced,direct_technical_feedback,false,0.85,0.06,occasional|weekly_long_term
56,Brooke Thompson,baseball,hitting,D3,1,Austin,TX,30.2959,-97.6367,53,4.1,29,0.94,0.85,"Hitting instructor focused on swing consistency, contact quality, and game approach.",build_confidence|build_fundamentals|improve_game_performance,swing_consistency|confidence_under_pressure|contact_hitting,beginner|intermediate,high_energy_motivation,true,0.64,0.07,one_time_trial|occasional|weekly_long_term
57,Julianna Collins,baseball,pitching,JUCO,2,Austin,TX,30.2405,-97.7741,54,4.4,42,0.93,0.83,"Pitching coach focused on command, repeatable mechanics, and athlete confidence.",build_confidence|build_fundamentals|improve_game_performance,confidence_under_pressure|throwing_accuracy|pitching_velocity,beginner|intermediate,high_energy_motivation,true,0.75,0.07,one_time_trial|occasional|weekly_long_term
58,Julianna Ward,baseball,infield,D2,6,Austin,TX,30.2539,-97.8064,58,4.4,43,0.97,0.82,"Infield coach developing glove work, transfers, footwork, and baseball IQ.",improve_technique|improve_game_performance,fielding_footwork|reaction_speed|throwing_accuracy,intermediate|advanced,direct_technical_feedback,false,0.74,0.06,occasional|weekly_long_term
59,Leah Cooper,baseball,strength_and_conditioning,D3,7,Austin,TX,30.3803,-97.851,64,4.4,66,0.92,0.92,"Performance coach building strength, movement quality, and explosive athletic development.",strength_speed_development|improve_game_performance,reaction_speed|throwing_accuracy,intermediate|advanced,drill_heavy_practice,false,0.71,0.05,occasional|weekly_long_term
60,Cameron Brooks,softball,pitching,D2,3,Austin,TX,30.1598,-97.6851,61,4.2,24,0.95,0.81,"Pitching coach focused on command, repeatable mechanics, and athlete confidence.",build_fundamentals|build_confidence|improve_technique|improve_game_performance,pitching_control|throwing_accuracy|pitching_velocity,beginner|intermediate,patient_step_by_step,true,0.69,0.07,one_time_trial|occasional
61,Jordan Ramirez,softball,hitting,D2,4,Austin,TX,30.1648,-97.8437,57,4.3,38,0.98,0.75,"Hitting instructor focused on swing consistency, contact quality, and game approach.",build_fundamentals|build_confidence|improve_technique|improve_game_performance,confidence_under_pressure|contact_hitting,beginner|intermediate,patient_step_by_step,true,0.71,0.03,one_time_trial|occasional
62,Jace Clark,softball,catching,JUCO,5,Austin,TX,30.3202,-97.8115,51,4.2,38,0.95,0.77,"Catching coach focused on receiving, blocking, throwing, and game management.",build_confidence|build_fundamentals|improve_game_performance,confidence_under_pressure|throwing_accuracy|catching_mechanics,beginner|intermediate,high_energy_motivation,true,0.66,0.04,one_time_trial|occasional|weekly_long_term
63,Parker Rivera,softball,hitting,D3,3,Austin,TX,30.2509,-97.6844,51,4.4,42,0.99,0.74,"Hitting instructor focused on swing consistency, contact quality, and game approach.",improve_technique|improve_game_performance,confidence_under_pressure|contact_hitting|swing_consistency,intermediate|advanced,direct_technical_feedback,false,0.74,0.03,occasional|weekly_long_term
64,Ethan Flores,softball,fielding,D1,7,Austin,TX,30.1983,-97.7055,60,4.4,67,0.96,0.94,"Defensive coach building footwork, reactions, and clean fielding technique.",improve_technique|improve_game_performance,throwing_accuracy|fielding_footwork,intermediate|advanced,direct_technical_feedback,false,0.72,0.02,occasional|weekly_long_term
65,Jace Perry,softball,fielding,D2,3,Austin,TX,30.3684,-97.7789,52,4.2,21,0.92,0.86,"Defensive coach building footwork, reactions, and clean fielding technique.",build_fundamentals|build_confidence|improve_technique|improve_game_performance,fielding_footwork|reaction_speed,beginner|intermediate,patient_step_by_step,true,0.63,0.04,one_time_trial|occasional
66,Grace Reed,softball,pitching,NAIA,1,Austin,TX,30.3592,-97.8258,57,4.3,26,0.96,0.7,"Pitching coach focused on command, repeatable mechanics, and athlete confidence.",build_fundamentals|build_confidence|improve_technique|improve_game_performance,pitching_velocity|throwing_accuracy|pitching_control,beginner|intermediate,patient_step_by_step,true,0.74,0.03,one_time_trial|occasional
67,Blake Nguyen,softball,catching,NAIA,5,Austin,TX,30.3073,-97.8522,56,4.1,39,0.92,0.68,"Catching coach focused on receiving, blocking, throwing, and game management.",build_fundamentals|build_confidence|improve_technique|improve_game_performance,throwing_accuracy|catching_mechanics|confidence_under_pressure,beginner|intermediate,patient_step_by_step,true,0.67,0.06,one_time_trial|occasional
68,Brandon Bennett,softball,hitting,D1,6,Austin,TX,30.2673,-97.6631,59,4.2,71,0.93,0.94,"Hitting instructor focused on swing consistency, contact quality, and game approach.",prepare_for_tryouts|improve_game_performance|improve_technique,confidence_under_pressure|contact_hitting,advanced,game_situation_coaching,false,0.85,0.02,occasional|weekly_long_term
69,Sydney White,softball,pitching,D1,3,Austin,TX,30.3791,-97.8219,62,4.4,24,0.94,0.9,"Pitching coach focused on command, repeatable mechanics, and athlete confidence.",improve_technique|improve_game_performance,confidence_under_pressure|throwing_accuracy|pitching_control,intermediate|advanced,direct_technical_feedback,false,0.84,0.04,occasional|weekly_long_term
70,Hailey Ross,softball,fielding,D1,5,Austin,TX,30.3342,-97.8448,63,4.3,65,0.98,0.77,"Defensive coach building footwork, reactions, and clean fielding technique.",improve_technique|improve_game_performance,fielding_footwork|throwing_accuracy|reaction_speed,intermediate|advanced,direct_technical_feedback,false,0.79,0.04,occasional|weekly_long_term
71,Parker Price,softball,pitching,D1,5,Austin,TX,30.1897,-97.6776,71,4.6,53,0.95,0.92,"Pitching coach focused on command, repeatable mechanics, and athlete confidence.",prepare_for_tryouts|improve_game_performance|improve_technique,throwing_accuracy|confidence_under_pressure|pitching_velocity,advanced,game_situation_coaching,false,0.8,0.04,occasional|weekly_long_term
72,Parker Lewis,softball,speed_and_agility,D1,6,Austin,TX,30.2987,-97.672,61,4.1,53,0.97,0.74,"Speed and agility coach helping athletes improve reaction, movement, and explosiveness.",strength_speed_development|improve_game_performance,reaction_speed|fielding_footwork,intermediate|advanced,drill_heavy_practice,false,0.75,0.02,occasional|weekly_long_term
73,Sophie Murphy,baseball,pitching,D1,8,Houston,TX,29.8782,-95.364,71,4.5,77,0.95,0.96,"Pitching coach focused on command, repeatable mechanics, and athlete confidence.",prepare_for_tryouts|improve_game_performance|improve_technique,throwing_accuracy|pitching_control|pitching_velocity,advanced,game_situation_coaching,false,0.82,0.03,occasional|weekly_long_term
74,Drew Diaz,baseball,hitting,D3,8,Houston,TX,29.8719,-95.3452,62,4.2,76,0.99,0.89,"Hitting instructor focused on swing consistency, contact quality, and game approach.",improve_technique|improve_game_performance,swing_consistency|confidence_under_pressure|contact_hitting,intermediate|advanced,direct_technical_feedback,false,0.71,0.02,occasional|weekly_long_term
75,Ryan Thompson,baseball,catching,D3,2,Houston,TX,29.8012,-95.2908,49,4.3,25,0.95,0.82,"Catching coach focused on receiving, blocking, throwing, and game management.",build_fundamentals|build_confidence|improve_technique,catching_mechanics|confidence_under_pressure|throwing_accuracy,beginner|intermediate,patient_step_by_step,true,0.73,0.06,one_time_trial|occasional
76,Dylan Simmons,baseball,infield,D1,3,Houston,TX,29.7114,-95.3007,61,4.4,49,0.96,0.91,"Infield coach developing glove work, transfers, footwork, and baseball IQ.",improve_technique|improve_game_performance,throwing_accuracy|reaction_speed|fielding_footwork,intermediate|advanced,direct_technical_feedback,false,0.77,0.04,occasional|weekly_long_term
77,Sawyer Bennett,baseball,hitting,D2,4,Houston,TX,29.6509,-95.4024,59,4.4,35,0.94,0.84,"Hitting instructor focused on swing consistency, contact quality, and game approach.",build_fundamentals|build_confidence|improve_technique,contact_hitting|swing_consistency|confidence_under_pressure,beginner|intermediate,patient_step_by_step,true,0.73,0.08,one_time_trial|occasional
78,Sydney Lewis,baseball,outfield,D3,5,Houston,TX,29.7409,-95.4509,55,4.1,46,0.89,0.92,"Outfield coach improving reads, route efficiency, and throwing mechanics.",build_fundamentals|build_confidence|improve_technique|improve_game_performance,throwing_accuracy|fielding_footwork,beginner|intermediate,patient_step_by_step,true,0.64,0.06,one_time_trial|occasional
79,Adrian Reed,baseball,pitching,D3,2,Houston,TX,29.8364,-95.2775,55,4.3,16,0.93,0.79,"Pitching coach focused on command, repeatable mechanics, and athlete confidence.",build_confidence|build_fundamentals|improve_game_performance,throwing_accuracy|pitching_control|pitching_velocity,beginner|intermediate,high_energy_motivation,true,0.75,0.05,one_time_trial|occasional|weekly_long_term
80,Chase Morgan,baseball,pitching,D1,8,Houston,TX,29.8075,-95.4565,65,4.3,82,0.93,0.72,"Pitching coach focused on command, repeatable mechanics, and athlete confidence.",prepare_for_tryouts|improve_game_performance|improve_technique,confidence_under_pressure|pitching_control|pitching_velocity,advanced,game_situation_coaching,false,0.83,0.03,occasional|weekly_long_term
81,Tyler Kelly,baseball,hitting,D1,8,Houston,TX,29.6555,-95.289,68,4.5,65,0.96,0.88,"Hitting instructor focused on swing consistency, contact quality, and game approach.",prepare_for_tryouts|improve_game_performance|improve_technique,contact_hitting|swing_consistency|confidence_under_pressure,advanced,game_situation_coaching,false,0.8,0.04,occasional|weekly_long_term
82,Logan Perry,baseball,hitting,JUCO,5,Houston,TX,29.7622,-95.2526,57,4.4,43,0.96,0.81,"Hitting instructor focused on swing consistency, contact quality, and game approach.",build_fundamentals|build_confidence|improve_technique,swing_consistency|contact_hitting|confidence_under_pressure,beginner|intermediate,patient_step_by_step,true,0.7,0.05,one_time_trial|occasional
83,Ella Mitchell,baseball,pitching,D2,5,Houston,TX,29.7217,-95.3355,58,4.2,39,0.93,0.94,"Pitching coach focused on command, repeatable mechanics, and athlete confidence.",build_fundamentals|build_confidence|improve_technique|improve_game_performance,confidence_under_pressure|pitching_control,beginner|intermediate,patient_step_by_step,true,0.75,0.06,one_time_trial|occasional
84,Taylor Brooks,baseball,infield,D1,5,Houston,TX,29.7641,-95.2524,57,4.3,59,0.94,0.92,"Infield coach developing glove work, transfers, footwork, and baseball IQ.",improve_technique|improve_game_performance,reaction_speed|throwing_accuracy,intermediate|advanced,direct_technical_feedback,false,0.77,0.03,occasional|weekly_long_term
85,Blake James,baseball,infield,NAIA,8,Houston,TX,29.7459,-95.2602,60,4.4,64,0.95,0.9,"Infield coach developing glove work, transfers, footwork, and baseball IQ.",improve_technique|improve_game_performance,reaction_speed|fielding_footwork|throwing_accuracy,intermediate|advanced,direct_technical_feedback,false,0.74,0.03,occasional|weekly_long_term
86,Jace Watson,baseball,outfield,D1,3,Houston,TX,29.6596,-95.3312,59,4.2,22,0.97,0.83,"Outfield coach improving reads, route efficiency, and throwing mechanics.",improve_technique|improve_game_performance,reaction_speed|throwing_accuracy,intermediate|advanced,direct_technical_feedback,false,0.73,0.04,occasional|weekly_long_term
87,Sarah Evans,baseball,strength_and_conditioning,JUCO,3,Houston,TX,29.6584,-95.3368,62,4.2,40,0.99,0.9,"Performance coach building strength, movement quality, and explosive athletic development.",strength_speed_development|improve_game_performance,reaction_speed|throwing_accuracy,intermediate|advanced,drill_heavy_practice,false,0.71,0.04,occasional|weekly_long_term
88,Riley Hughes,baseball,pitching,D2,7,Houston,TX,29.6482,-95.453,63,4.2,60,0.93,0.84,"Pitching coach focused on command, repeatable mechanics, and athlete confidence.",improve_technique|improve_game_performance,throwing_accuracy|pitching_control|confidence_under_pressure,intermediate|advanced,direct_technical_feedback,false,0.76,0.03,occasional|weekly_long_term
89,Jordan Ward,baseball,pitching,D1,5,Houston,TX,29.7032,-95.4273,62,4.4,38,0.98,0.79,"Pitching coach focused on command, repeatable mechanics, and athlete confidence.",prepare_for_tryouts|improve_game_performance|improve_technique,confidence_under_pressure|pitching_control,advanced,game_situation_coaching,false,0.79,0.05,occasional|weekly_long_term
90,Aidan Bell,baseball,pitching,D3,5,Houston,TX,29.8007,-95.3195,61,4.4,57,0.93,0.8,"Pitching coach focused on command, repeatable mechanics, and athlete confidence.",improve_technique|improve_game_performance,throwing_accuracy|confidence_under_pressure|pitching_control,intermediate|advanced,direct_technical_feedback,false,0.77,0.03,occasional|weekly_long_term
91,Blake Simmons,baseball,pitching,D2,5,Houston,TX,29.7734,-95.4013,63,4.3,57,0.92,0.88,"Pitching coach focused on command, repeatable mechanics, and athlete confidence.",improve_technique|improve_game_performance,confidence_under_pressure|pitching_velocity|pitching_control,intermediate|advanced,direct_technical_feedback,false,0.82,0.04,occasional|weekly_long_term
92,Cameron Johnson,baseball,catching,D3,5,Houston,TX,29.7231,-95.2791,58,4.3,64,0.98,0.73,"Catching coach focused on receiving, blocking, throwing, and game management.",build_fundamentals|build_confidence|improve_technique|improve_game_performance,catching_mechanics|confidence_under_pressure|throwing_accuracy,beginner|intermediate,patient_step_by_step,true,0.74,0.06,one_time_trial|occasional
93,Cole Scott,softball,speed_and_agility,D1,8,Houston,TX,29.6809,-95.2638,57,4.4,74,0.96,0.91,"Speed and agility coach helping athletes improve reaction, movement, and explosiveness.",strength_speed_development|improve_game_performance,reaction_speed|fielding_footwork,intermediate|advanced,drill_heavy_practice,false,0.68,0.04,occasional|weekly_long_term
94,Taylor Murphy,softball,catching,D3,2,Houston,TX,29.8245,-95.3898,49,4.4,29,0.93,0.85,"Catching coach focused on receiving, blocking, throwing, and game management.",build_fundamentals|build_confidence|improve_technique|improve_game_performance,confidence_under_pressure|throwing_accuracy,beginner|intermediate,patient_step_by_step,true,0.72,0.05,one_time_trial|occasional
95,Riley Cook,softball,pitching,D1,8,Houston,TX,29.7519,-95.4082,67,4.3,68,0.99,0.8,"Pitching coach focused on command, repeatable mechanics, and athlete confidence.",prepare_for_tryouts|improve_game_performance|improve_technique,pitching_control|pitching_velocity,advanced,game_situation_coaching,false,0.74,0.05,occasional|weekly_long_term
96,Tyler Walker,softball,hitting,D1,6,Houston,TX,29.6636,-95.4201,63,4.3,52,0.99,0.78,"Hitting instructor focused on swing consistency, contact quality, and game approach.",prepare_for_tryouts|improve_game_performance|improve_technique,swing_consistency|confidence_under_pressure,advanced,game_situation_coaching,false,0.78,0.04,occasional|weekly_long_term
97,Dylan Miller,softball,fielding,NAIA,1,Houston,TX,29.8673,-95.3685,54,4.3,35,0.91,0.78,"Defensive coach building footwork, reactions, and clean fielding technique.",build_fundamentals|build_confidence|improve_technique,reaction_speed|throwing_accuracy|fielding_footwork,beginner|intermediate,patient_step_by_step,true,0.77,0.04,one_time_trial|occasional
98,Brandon Foster,softball,fielding,JUCO,3,Houston,TX,29.6513,-95.4775,50,4.2,38,0.93,0.76,"Defensive coach building footwork, reactions, and clean fielding technique.",build_fundamentals|build_confidence|improve_technique|improve_game_performance,throwing_accuracy|fielding_footwork,beginner|intermediate,patient_step_by_step,true,0.7,0.05,one_time_trial|occasional
99,Drew White,softball,pitching,D3,2,Houston,TX,29.6882,-95.3676,56,4.2,28,0.95,0.72,"Pitching coach focused on command, repeatable mechanics, and athlete confidence.",build_fundamentals|build_confidence|improve_technique|improve_game_performance,pitching_velocity|confidence_under_pressure|throwing_accuracy,beginner|intermediate,patient_step_by_step,true,0.69,0.03,one_time_trial|occasional
100,Cole Ward,softball,pitching,NAIA,4,Houston,TX,29.8105,-95.4179,61,4.4,53,0.99,0.86,"Pitching coach focused on command, repeatable mechanics, and athlete confidence.",build_fundamentals|build_confidence|improve_technique|improve_game_performance,pitching_control|throwing_accuracy,beginner|intermediate,patient_step_by_step,true,0.75,0.05,one_time_trial|occasional
101,Reese Brooks,softball,hitting,D2,4,Houston,TX,29.6813,-95.3388,59,4.0,58,0.93,0.72,"Hitting instructor focused on swing consistency, contact quality, and game approach.",build_confidence|build_fundamentals|improve_game_performance,swing_consistency|contact_hitting|confidence_under_pressure,beginner|intermediate,high_energy_motivation,true,0.69,0.08,one_time_trial|occasional|weekly_long_term
102,Ava Morgan,softball,fielding,D1,7,Houston,TX,29.8264,-95.2689,64,4.3,59,0.91,0.74,"Defensive coach building footwork, reactions, and clean fielding technique.",improve_technique|improve_game_performance,reaction_speed|throwing_accuracy|fielding_footwork,intermediate|advanced,direct_technical_feedback,false,0.83,0.05,occasional|weekly_long_term
103,Connor Jenkins,softball,pitching,JUCO,3,Houston,TX,29.7868,-95.4437,59,4.1,30,0.98,0.74,"Pitching coach focused on command, repeatable mechanics, and athlete confidence.",build_fundamentals|build_confidence|improve_technique|improve_game_performance,confidence_under_pressure|pitching_velocity|throwing_accuracy,beginner|intermediate,patient_step_by_step,true,0.64,0.06,one_time_trial|occasional
104,Faith Brooks,softball,pitching,D2,7,Houston,TX,29.7315,-95.2546,62,4.3,71,0.92,0.93,"Pitching coach focused on command, repeatable mechanics, and athlete confidence.",improve_technique|improve_game_performance,confidence_under_pressure|throwing_accuracy|pitching_velocity,intermediate|advanced,direct_technical_feedback,false,0.82,0.06,occasional|weekly_long_term
105,Harper Hall,softball,catching,JUCO,3,Houston,TX,29.8643,-95.3227,48,4.1,37,0.9,0.84,"Catching coach focused on receiving, blocking, throwing, and game management.",build_confidence|build_fundamentals|improve_game_performance,catching_mechanics|confidence_under_pressure|throwing_accuracy,beginner|intermediate,high_energy_motivation,true,0.6,0.07,one_time_trial|occasional|weekly_long_term
106,Grace Bell,softball,hitting,JUCO,2,Houston,TX,29.7381,-95.2654,48,4.3,34,0.98,0.73,"Hitting instructor focused on swing consistency, contact quality, and game approach.",build_confidence|build_fundamentals|improve_game_performance,swing_consistency|confidence_under_pressure,beginner|intermediate,high_energy_motivation,true,0.74,0.06,one_time_trial|occasional|weekly_long_term
107,Connor Murphy,baseball,pitching,JUCO,4,Oklahoma City,OK,35.4131,-97.4423,56,4.0,38,0.94,0.86,"Pitching coach focused on command, repeatable mechanics, and athlete confidence.",build_fundamentals|build_confidence|improve_technique,pitching_velocity|pitching_control|confidence_under_pressure,beginner|intermediate,patient_step_by_step,true,0.66,0.07,one_time_trial|occasional
108,Sophie Johnson,baseball,infield,D3,4,Oklahoma City,OK,35.5832,-97.5218,50,4.4,38,0.97,0.82,"Infield coach developing glove work, transfers, footwork, and baseball IQ.",improve_technique|improve_game_performance,throwing_accuracy|fielding_footwork|reaction_speed,intermediate|advanced,direct_technical_feedback,false,0.84,0.02,occasional|weekly_long_term
109,Reese Allen,baseball,pitching,D1,5,Oklahoma City,OK,35.3859,-97.4717,63,4.5,65,0.95,0.92,"Pitching coach focused on command, repeatable mechanics, and athlete confidence.",improve_technique|improve_game_performance,pitching_velocity|pitching_control|throwing_accuracy,intermediate|advanced,direct_technical_feedback,false,0.84,0.06,occasional|weekly_long_term
110,Madison Morgan,baseball,strength_and_conditioning,D3,7,Oklahoma City,OK,35.4373,-97.4679,69,4.5,70,0.98,0.93,"Performance coach building strength, movement quality, and explosive athletic development.",strength_speed_development|improve_game_performance,reaction_speed|throwing_accuracy,intermediate|advanced,drill_heavy_practice,false,0.81,0.04,occasional|weekly_long_term
111,Preston Bell,baseball,infield,NAIA,3,Oklahoma City,OK,35.3624,-97.505,51,4.3,24,0.94,0.76,"Infield coach developing glove work, transfers, footwork, and baseball IQ.",improve_technique|improve_game_performance,throwing_accuracy|reaction_speed|fielding_footwork,intermediate|advanced,direct_technical_feedback,false,0.77,0.04,occasional|weekly_long_term
112,Aidan Miller,baseball,infield,D1,4,Oklahoma City,OK,35.4708,-97.5268,53,4.2,54,0.98,0.93,"Infield coach developing glove work, transfers, footwork, and baseball IQ.",improve_technique|improve_game_performance,throwing_accuracy|fielding_footwork,intermediate|advanced,direct_technical_feedback,false,0.69,0.04,occasional|weekly_long_term
113,Taylor Clark,baseball,outfield,D1,3,Oklahoma City,OK,35.5719,-97.6198,59,4.6,44,0.99,0.83,"Outfield coach improving reads, route efficiency, and throwing mechanics.",improve_technique|improve_game_performance,reaction_speed|throwing_accuracy,intermediate|advanced,direct_technical_feedback,false,0.84,0.02,occasional|weekly_long_term
114,Lily Ross,baseball,hitting,D1,8,Oklahoma City,OK,35.5575,-97.6045,65,4.3,63,0.97,0.98,"Hitting instructor focused on swing consistency, contact quality, and game approach.",improve_technique|improve_game_performance,swing_consistency|contact_hitting|confidence_under_pressure,intermediate|advanced,direct_technical_feedback,false,0.83,0.02,occasional|weekly_long_term
115,Nora Howard,baseball,outfield,JUCO,2,Oklahoma City,OK,35.4582,-97.5992,49,4.1,33,0.88,0.89,"Outfield coach improving reads, route efficiency, and throwing mechanics.",build_fundamentals|build_confidence|improve_technique|improve_game_performance,fielding_footwork|throwing_accuracy,beginner|intermediate,patient_step_by_step,true,0.63,0.07,one_time_trial|occasional
116,Drew Flores,baseball,hitting,D1,5,Oklahoma City,OK,35.4063,-97.6258,57,4.3,44,0.98,0.92,"Hitting instructor focused on swing consistency, contact quality, and game approach.",prepare_for_tryouts|improve_game_performance|improve_technique,confidence_under_pressure|contact_hitting,advanced,game_situation_coaching,false,0.79,0.04,occasional|weekly_long_term
117,Sydney Flores,baseball,catching,JUCO,2,Oklahoma City,OK,35.42,-97.602,49,4.4,42,0.92,0.76,"Catching coach focused on receiving, blocking, throwing, and game management.",build_fundamentals|build_confidence|improve_technique,confidence_under_pressure|throwing_accuracy,beginner|intermediate,patient_step_by_step,true,0.72,0.04,one_time_trial|occasional
118,Morgan Martinez,baseball,pitching,D3,4,Oklahoma City,OK,35.4456,-97.5644,58,4.3,32,0.91,0.75,"Pitching coach focused on command, repeatable mechanics, and athlete confidence.",build_fundamentals|build_confidence|improve_technique,pitching_control|throwing_accuracy|pitching_velocity,beginner|intermediate,patient_step_by_step,true,0.63,0.06,one_time_trial|occasional
119,Ryan Anderson,baseball,pitching,D1,6,Oklahoma City,OK,35.4269,-97.6174,64,4.2,54,0.99,0.86,"Pitching coach focused on command, repeatable mechanics, and athlete confidence.",prepare_for_tryouts|improve_game_performance|improve_technique,pitching_control|confidence_under_pressure|throwing_accuracy,advanced,game_situation_coaching,false,0.79,0.03,occasional|weekly_long_term
120,Gavin Torres,baseball,catching,NAIA,2,Oklahoma City,OK,35.4627,-97.4277,50,4.4,17,0.95,0.68,"Catching coach focused on receiving, blocking, throwing, and game management.",build_fundamentals|build_confidence|improve_technique,throwing_accuracy|catching_mechanics,beginner|intermediate,patient_step_by_step,true,0.66,0.08,one_time_trial|occasional
121,Owen Cooper,baseball,hitting,D1,5,Oklahoma City,OK,35.439,-97.5083,59,4.1,58,0.96,0.85,"Hitting instructor focused on swing consistency, contact quality, and game approach.",improve_technique|improve_game_performance,contact_hitting|swing_consistency,intermediate|advanced,direct_technical_feedback,false,0.74,0.03,occasional|weekly_long_term
122,Emma Johnson,baseball,hitting,D2,3,Oklahoma City,OK,35.4804,-97.4962,54,4.3,28,0.92,0.73,"Hitting instructor focused on swing consistency, contact quality, and game approach.",build_confidence|build_fundamentals|improve_game_performance,confidence_under_pressure|contact_hitting|swing_consistency,beginner|intermediate,high_energy_motivation,true,0.71,0.05,one_time_trial|occasional|weekly_long_term
123,Adrian Watson,baseball,pitching,NAIA,3,Oklahoma City,OK,35.3882,-97.4635,56,4.0,22,0.93,0.83,"Pitching coach focused on command, repeatable mechanics, and athlete confidence.",build_fundamentals|build_confidence|improve_technique|improve_game_performance,pitching_control|confidence_under_pressure,beginner|intermediate,patient_step_by_step,true,0.69,0.08,one_time_trial|occasional
124,Quinn Evans,baseball,pitching,D1,5,Oklahoma City,OK,35.4001,-97.527,58,4.4,35,0.99,0.96,"Pitching coach focused on command, repeatable mechanics, and athlete confidence.",prepare_for_tryouts|improve_game_performance|improve_technique,confidence_under_pressure|pitching_control|throwing_accuracy,advanced,game_situation_coaching,false,0.73,0.04,occasional|weekly_long_term
125,Preston Morgan,softball,hitting,D1,7,Oklahoma City,OK,35.5433,-97.5722,62,4.6,56,0.97,0.83,"Hitting instructor focused on swing consistency, contact quality, and game approach.",prepare_for_tryouts|improve_game_performance|improve_technique,swing_consistency|confidence_under_pressure|contact_hitting,advanced,game_situation_coaching,false,0.78,0.03,occasional|weekly_long_term
126,Hailey Thompson,softball,pitching,JUCO,1,Oklahoma City,OK,35.4676,-97.5323,51,4.3,8,0.9,0.91,"Pitching coach focused on command, repeatable mechanics, and athlete confidence.",build_fundamentals|build_confidence|improve_technique,confidence_under_pressure|pitching_velocity|pitching_control,beginner|intermediate,patient_step_by_step,true,0.74,0.06,one_time_trial|occasional
127,Nora Ward,softball,fielding,D2,3,Oklahoma City,OK,35.3514,-97.5867,50,4.1,39,0.96,0.9,"Defensive coach building footwork, reactions, and clean fielding technique.",build_fundamentals|build_confidence|improve_technique,reaction_speed|throwing_accuracy|fielding_footwork,beginner|intermediate,patient_step_by_step,true,0.63,0.07,one_time_trial|occasional
128,Lucas Howard,softball,pitching,D1,7,Oklahoma City,OK,35.3605,-97.5315,64,4.4,73,0.99,0.92,"Pitching coach focused on command, repeatable mechanics, and athlete confidence.",prepare_for_tryouts|improve_game_performance|improve_technique,throwing_accuracy|pitching_velocity|confidence_under_pressure,advanced,game_situation_coaching,false,0.85,0.03,occasional|weekly_long_term
129,Rowan Martinez,softball,pitching,D1,7,Oklahoma City,OK,35.5062,-97.6158,68,4.2,71,0.91,0.91,"Pitching coach focused on command, repeatable mechanics, and athlete confidence.",improve_technique|improve_game_performance,confidence_under_pressure|pitching_velocity|throwing_accuracy,intermediate|advanced,direct_technical_feedback,false,0.79,0.05,occasional|weekly_long_term
130,Drew Peterson,softball,hitting,D1,7,Oklahoma City,OK,35.5303,-97.6119,59,4.1,51,0.97,0.86,"Hitting instructor focused on swing consistency, contact quality, and game approach.",prepare_for_tryouts|improve_game_performance|improve_technique,confidence_under_pressure|contact_hitting|swing_consistency,advanced,game_situation_coaching,false,0.73,0.03,occasional|weekly_long_term
131,Alex Nguyen,softball,fielding,D3,8,Oklahoma City,OK,35.5639,-97.4192,54,4.3,65,0.94,0.76,"Defensive coach building footwork, reactions, and clean fielding technique.",improve_technique|improve_game_performance,fielding_footwork|throwing_accuracy|reaction_speed,intermediate|advanced,direct_technical_feedback,false,0.85,0.04,occasional|weekly_long_term
132,Sarah Harris,softball,pitching,JUCO,4,Oklahoma City,OK,35.4901,-97.5895,58,4.2,53,0.93,0.94,"Pitching coach focused on command, repeatable mechanics, and athlete confidence.",build_fundamentals|build_confidence|improve_technique|improve_game_performance,throwing_accuracy|pitching_velocity|pitching_control,beginner|intermediate,patient_step_by_step,true,0.62,0.05,one_time_trial|occasional
133,Jace Cook,softball,catching,D3,4,Oklahoma City,OK,35.5801,-97.5665,53,4.2,54,0.91,0.84,"Catching coach focused on receiving, blocking, throwing, and game management.",build_confidence|build_fundamentals|improve_game_performance,catching_mechanics|confidence_under_pressure|throwing_accuracy,beginner|intermediate,high_energy_motivation,true,0.71,0.06,one_time_trial|occasional|weekly_long_term
134,Nora Gray,softball,catching,JUCO,4,Oklahoma City,OK,35.5739,-97.5861,48,4.4,49,0.96,0.7,"Catching coach focused on receiving, blocking, throwing, and game management.",build_fundamentals|build_confidence|improve_technique,throwing_accuracy|catching_mechanics|confidence_under_pressure,beginner|intermediate,patient_step_by_step,true,0.74,0.07,one_time_trial|occasional
135,Owen Clark,softball,hitting,NAIA,6,Oklahoma City,OK,35.4873,-97.5082,59,4.6,64,0.9,0.83,"Hitting instructor focused on swing consistency, contact quality, and game approach.",improve_technique|improve_game_performance,confidence_under_pressure|swing_consistency|contact_hitting,intermediate|advanced,direct_technical_feedback,false,0.84,0.05,occasional|weekly_long_term
136,Bella Hughes,softball,fielding,NAIA,1,Oklahoma City,OK,35.4828,-97.4816,47,4.1,10,0.94,0.77,"Defensive coach building footwork, reactions, and clean fielding technique.",build_fundamentals|build_confidence|improve_technique|improve_game_performance,throwing_accuracy|fielding_footwork|reaction_speed,beginner|intermediate,patient_step_by_step,true,0.72,0.08,one_time_trial|occasional
137,Jackson Hall,baseball,strength_and_conditioning,D1,8,Norman,OK,35.2698,-97.483,72,4.3,77,0.99,0.75,"Performance coach building strength, movement quality, and explosive athletic development.",strength_speed_development|improve_game_performance,reaction_speed|throwing_accuracy,intermediate|advanced,drill_heavy_practice,false,0.7,0.04,occasional|weekly_long_term
138,Ryan Reed,baseball,infield,D2,6,Norman,OK,35.1582,-97.4623,55,4.3,48,0.9,0.83,"Infield coach developing glove work, transfers, footwork, and baseball IQ.",improve_technique|improve_game_performance,reaction_speed|fielding_footwork|throwing_accuracy,intermediate|advanced,direct_technical_feedback,false,0.71,0.05,occasional|weekly_long_term
139,Hayden Ward,baseball,pitching,D2,5,Norman,OK,35.1475,-97.4813,58,4.2,54,0.95,0.91,"Pitching coach focused on command, repeatable mechanics, and athlete confidence.",build_confidence|build_fundamentals|improve_game_performance,pitching_control|pitching_velocity|throwing_accuracy,beginner|intermediate,high_energy_motivation,true,0.66,0.05,one_time_trial|occasional|weekly_long_term
140,Kendall Walker,baseball,pitching,D3,5,Norman,OK,35.2442,-97.3982,56,4.0,47,0.94,0.71,"Pitching coach focused on command, repeatable mechanics, and athlete confidence.",build_fundamentals|build_confidence|improve_technique|improve_game_performance,confidence_under_pressure|pitching_velocity|pitching_control,beginner|intermediate,patient_step_by_step,true,0.66,0.04,one_time_trial|occasional
141,Mia Cook,baseball,hitting,D2,3,Norman,OK,35.1363,-97.484,54,4.0,47,0.92,0.78,"Hitting instructor focused on swing consistency, contact quality, and game approach.",build_confidence|build_fundamentals|improve_game_performance,confidence_under_pressure|contact_hitting,beginner|intermediate,high_energy_motivation,true,0.66,0.03,one_time_trial|occasional|weekly_long_term
142,Ava Rivera,baseball,infield,D3,2,Norman,OK,35.1224,-97.5521,50,4.2,28,0.96,0.75,"Infield coach developing glove work, transfers, footwork, and baseball IQ.",build_fundamentals|build_confidence|improve_technique,reaction_speed|fielding_footwork,beginner|intermediate,patient_step_by_step,true,0.74,0.04,one_time_trial|occasional
143,Sarah Gray,baseball,catching,JUCO,5,Norman,OK,35.3,-97.5495,48,4.4,59,0.9,0.95,"Catching coach focused on receiving, blocking, throwing, and game management.",build_fundamentals|build_confidence|improve_technique|improve_game_performance,catching_mechanics|throwing_accuracy|confidence_under_pressure,beginner|intermediate,patient_step_by_step,true,0.73,0.06,one_time_trial|occasional
144,Peyton Peterson,baseball,pitching,D3,5,Norman,OK,35.268,-97.3528,53,4.4,60,0.97,0.85,"Pitching coach focused on command, repeatable mechanics, and athlete confidence.",build_fundamentals|build_confidence|improve_technique|improve_game_performance,throwing_accuracy|confidence_under_pressure|pitching_control,beginner|intermediate,patient_step_by_step,true,0.71,0.05,one_time_trial|occasional
145,Owen Nguyen,baseball,infield,D1,7,Norman,OK,35.3391,-97.3965,64,4.5,76,0.97,0.92,"Infield coach developing glove work, transfers, footwork, and baseball IQ.",improve_technique|improve_game_performance,fielding_footwork|throwing_accuracy|reaction_speed,intermediate|advanced,direct_technical_feedback,false,0.7,0.06,occasional|weekly_long_term
146,Owen Johnson,baseball,outfield,NAIA,4,Norman,OK,35.1367,-97.4077,50,4.4,40,0.97,0.7,"Outfield coach improving reads, route efficiency, and throwing mechanics.",build_fundamentals|build_confidence|improve_technique|improve_game_performance,throwing_accuracy|reaction_speed,beginner|intermediate,patient_step_by_step,true,0.71,0.05,one_time_trial|occasional
147,Dylan Johnson,baseball,hitting,D2,4,Norman,OK,35.255,-97.3922,57,4.5,43,0.97,0.79,"Hitting instructor focused on swing consistency, contact quality, and game approach.",build_fundamentals|build_confidence|improve_technique,contact_hitting|confidence_under_pressure|swing_consistency,beginner|intermediate,patient_step_by_step,true,0.75,0.07,one_time_trial|occasional
148,Dylan Brooks,baseball,pitching,D2,4,Norman,OK,35.1065,-97.3364,55,4.3,57,0.93,0.95,"Pitching coach focused on command, repeatable mechanics, and athlete confidence.",build_confidence|build_fundamentals|improve_game_performance,throwing_accuracy|pitching_control,beginner|intermediate,high_energy_motivation,true,0.61,0.06,one_time_trial|occasional|weekly_long_term
149,Skyler Henderson,baseball,pitching,D3,2,Norman,OK,35.115,-97.4094,53,4.1,20,0.89,0.8,"Pitching coach focused on command, repeatable mechanics, and athlete confidence.",build_fundamentals|build_confidence|improve_technique|improve_game_performance,pitching_velocity|throwing_accuracy|confidence_under_pressure,beginner|intermediate,patient_step_by_step,true,0.73,0.07,one_time_trial|occasional
150,Lucas Davis,baseball,hitting,D2,1,Norman,OK,35.1575,-97.5381,56,4.3,33,0.94,0.78,"Hitting instructor focused on swing consistency, contact quality, and game approach.",build_fundamentals|build_confidence|improve_technique|improve_game_performance,confidence_under_pressure|swing_consistency,beginner|intermediate,patient_step_by_step,true,0.75,0.04,one_time_trial|occasional
151,Sydney Brooks,baseball,pitching,D2,4,Norman,OK,35.2533,-97.5232,54,4.1,52,0.91,0.94,"Pitching coach focused on command, repeatable mechanics, and athlete confidence.",improve_technique|improve_game_performance,confidence_under_pressure|pitching_velocity|throwing_accuracy,intermediate|advanced,direct_technical_feedback,false,0.75,0.05,occasional|weekly_long_term
152,Noah Brooks,baseball,outfield,D1,3,Norman,OK,35.1622,-97.4153,56,4.5,49,0.92,0.96,"Outfield coach improving reads, route efficiency, and throwing mechanics.",improve_technique|improve_game_performance,throwing_accuracy|fielding_footwork|reaction_speed,intermediate|advanced,direct_technical_feedback,false,0.8,0.03,occasional|weekly_long_term
153,Ethan Murphy,baseball,hitting,D2,6,Norman,OK,35.2214,-97.5324,59,4.6,71,0.99,0.86,"Hitting instructor focused on swing consistency, contact quality, and game approach.",prepare_for_tryouts|improve_game_performance|improve_technique,confidence_under_pressure|contact_hitting|swing_consistency,advanced,game_situation_coaching,false,0.8,0.04,occasional|weekly_long_term
154,Mia Rivera,baseball,pitching,D1,5,Norman,OK,35.1066,-97.5433,63,4.4,55,0.99,0.74,"Pitching coach focused on command, repeatable mechanics, and athlete confidence.",prepare_for_tryouts|improve_game_performance|improve_technique,confidence_under_pressure|pitching_velocity|throwing_accuracy,advanced,game_situation_coaching,false,0.76,0.02,occasional|weekly_long_term
155,Casey Evans,baseball,catching,NAIA,3,Norman,OK,35.1227,-97.5405,52,4.3,45,0.9,0.72,"Catching coach focused on receiving, blocking, throwing, and game management.",build_fundamentals|build_confidence|improve_technique,confidence_under_pressure|catching_mechanics|throwing_accuracy,beginner|intermediate,patient_step_by_step,true,0.77,0.08,one_time_trial|occasional
156,Blake Brooks,softball,pitching,JUCO,5,Norman,OK,35.2267,-97.3621,59,4.3,38,0.98,0.88,"Pitching coach focused on command, repeatable mechanics, and athlete confidence.",build_confidence|build_fundamentals|improve_game_performance,throwing_accuracy|pitching_velocity,beginner|intermediate,high_energy_motivation,true,0.63,0.05,one_time_trial|occasional|weekly_long_term
157,Sarah Anderson,softball,hitting,D1,5,Norman,OK,35.2217,-97.4369,59,4.4,63,0.91,0.76,"Hitting instructor focused on swing consistency, contact quality, and game approach.",prepare_for_tryouts|improve_game_performance|improve_technique,swing_consistency|confidence_under_pressure|contact_hitting,advanced,game_situation_coaching,false,0.73,0.05,occasional|weekly_long_term
158,Taylor Sanders,softball,fielding,NAIA,4,Norman,OK,35.3235,-97.5165,49,4.4,35,0.98,0.9,"Defensive coach building footwork, reactions, and clean fielding technique.",build_confidence|build_fundamentals|improve_game_performance,throwing_accuracy|reaction_speed|fielding_footwork,beginner|intermediate,high_energy_motivation,true,0.75,0.03,one_time_trial|occasional|weekly_long_term
159,Peyton Turner,softball,fielding,NAIA,1,Norman,OK,35.1456,-97.3665,47,4.2,34,0.9,0.7,"Defensive coach building footwork, reactions, and clean fielding technique.",build_confidence|build_fundamentals|improve_game_performance,throwing_accuracy|reaction_speed|fielding_footwork,beginner|intermediate,high_energy_motivation,true,0.76,0.09,one_time_trial|occasional|weekly_long_term
160,Emma Simmons,softball,hitting,D3,3,Norman,OK,35.2446,-97.4411,51,4.2,21,0.98,0.92,"Hitting instructor focused on swing consistency, contact quality, and game approach.",build_fundamentals|build_confidence|improve_technique,confidence_under_pressure|contact_hitting|swing_consistency,beginner|intermediate,patient_step_by_step,true,0.74,0.04,one_time_trial|occasional
161,Alex Torres,softball,fielding,JUCO,1,Norman,OK,35.1518,-97.3236,45,4.1,8,0.88,0.94,"Defensive coach building footwork, reactions, and clean fielding technique.",build_fundamentals|build_confidence|improve_technique,throwing_accuracy|reaction_speed,beginner|intermediate,patient_step_by_step,true,0.68,0.08,one_time_trial|occasional
162,Emma Walker,softball,catching,D2,1,Norman,OK,35.2239,-97.4066,49,4.1,16,0.95,0.7,"Catching coach focused on receiving, blocking, throwing, and game management.",build_fundamentals|build_confidence|improve_technique|improve_game_performance,throwing_accuracy|confidence_under_pressure,beginner|intermediate,patient_step_by_step,true,0.67,0.06,one_time_trial|occasional
163,Sarah Carter,softball,hitting,D1,5,Norman,OK,35.1399,-97.5201,58,4.3,44,0.99,0.86,"Hitting instructor focused on swing consistency, contact quality, and game approach.",prepare_for_tryouts|improve_game_performance|improve_technique,swing_consistency|confidence_under_pressure|contact_hitting,advanced,game_situation_coaching,false,0.79,0.03,occasional|weekly_long_term
164,Gavin Rivera,softball,pitching,D3,3,Norman,OK,35.1382,-97.3888,56,4.5,26,0.93,0.69,"Pitching coach focused on command, repeatable mechanics, and athlete confidence.",build_fundamentals|build_confidence|improve_technique,confidence_under_pressure|throwing_accuracy,beginner|intermediate,patient_step_by_step,true,0.77,0.05,one_time_trial|occasional
165,Tyler Mitchell,softball,speed_and_agility,D3,4,Norman,OK,35.1317,-97.5447,50,4.4,58,0.97,0.77,"Speed and agility coach helping athletes improve reaction, movement, and explosiveness.",strength_speed_development|improve_game_performance,fielding_footwork|reaction_speed,intermediate|advanced,drill_heavy_practice,false,0.78,0.02,occasional|weekly_long_term
166,Jordan Turner,softball,pitching,D1,6,Norman,OK,35.1247,-97.3562,70,4.6,55,0.93,0.96,"Pitching coach focused on command, repeatable mechanics, and athlete confidence.",prepare_for_tryouts|improve_game_performance|improve_technique,confidence_under_pressure|pitching_control,advanced,game_situation_coaching,false,0.85,0.02,occasional|weekly_long_term
167,Caleb Rivera,softball,pitching,NAIA,5,Norman,OK,35.1698,-97.3475,57,4.2,52,0.94,0.78,"Pitching coach focused on command, repeatable mechanics, and athlete confidence.",improve_technique|improve_game_performance,throwing_accuracy|pitching_velocity|pitching_control,intermediate|advanced,direct_technical_feedback,false,0.69,0.04,occasional|weekly_long_term
168,Ava Simmons,softball,catching,JUCO,2,Norman,OK,35.254,-97.367,45,4.3,29,0.9,0.89,"Catching coach focused on receiving, blocking, throwing, and game management.",build_fundamentals|build_confidence|improve_technique|improve_game_performance,confidence_under_pressure|throwing_accuracy,beginner|intermediate,patient_step_by_step,true,0.74,0.08,one_time_trial|occasional
169,Leah Hughes,baseball,pitching,D2,2,Tulsa,OK,36.1722,-95.877,58,4.0,24,0.89,0.95,"Pitching coach focused on command, repeatable mechanics, and athlete confidence.",build_fundamentals|build_confidence|improve_technique|improve_game_performance,throwing_accuracy|confidence_under_pressure,beginner|intermediate,patient_step_by_step,true,0.67,0.08,one_time_trial|occasional
170,Lucas Martinez,baseball,pitching,D2,4,Tulsa,OK,36.1641,-96.0707,58,4.1,38,0.92,0.84,"Pitching coach focused on command, repeatable mechanics, and athlete confidence.",build_fundamentals|build_confidence|improve_technique,pitching_velocity|confidence_under_pressure|pitching_control,beginner|intermediate,patient_step_by_step,true,0.61,0.03,one_time_trial|occasional
171,Kendall Ross,baseball,pitching,D2,4,Tulsa,OK,36.2198,-95.9096,56,4.4,31,0.97,0.82,"Pitching coach focused on command, repeatable mechanics, and athlete confidence.",improve_technique|improve_game_performance,pitching_velocity|pitching_control|confidence_under_pressure,intermediate|advanced,direct_technical_feedback,false,0.83,0.06,occasional|weekly_long_term
172,Chase Evans,baseball,infield,D2,5,Tulsa,OK,36.2005,-95.8899,53,4.2,57,0.93,0.84,"Infield coach developing glove work, transfers, footwork, and baseball IQ.",build_fundamentals|build_confidence|improve_technique,throwing_accuracy|fielding_footwork|reaction_speed,beginner|intermediate,patient_step_by_step,true,0.74,0.04,one_time_trial|occasional
173,Bella Moore,baseball,pitching,D1,6,Tulsa,OK,36.1875,-96.0878,59,4.3,62,0.95,0.74,"Pitching coach focused on command, repeatable mechanics, and athlete confidence.",prepare_for_tryouts|improve_game_performance|improve_technique,throwing_accuracy|pitching_velocity,advanced,game_situation_coaching,false,0.8,0.03,occasional|weekly_long_term
174,Alex Price,baseball,outfield,D3,5,Tulsa,OK,36.0956,-96.0869,51,4.4,50,0.99,0.91,"Outfield coach improving reads, route efficiency, and throwing mechanics.",improve_technique|improve_game_performance,reaction_speed|fielding_footwork|throwing_accuracy,intermediate|advanced,direct_technical_feedback,false,0.68,0.04,occasional|weekly_long_term
175,Chase Ross,baseball,hitting,NAIA,1,Tulsa,OK,36.1048,-96.0363,47,4.4,24,0.95,0.73,"Hitting instructor focused on swing consistency, contact quality, and game approach.",build_confidence|build_fundamentals|improve_game_performance,confidence_under_pressure|contact_hitting|swing_consistency,beginner|intermediate,high_energy_motivation,true,0.75,0.03,one_time_trial|occasional|weekly_long_term
176,Brandon Murphy,baseball,pitching,D2,6,Tulsa,OK,36.0469,-96.0333,61,4.5,63,0.99,0.86,"Pitching coach focused on command, repeatable mechanics, and athlete confidence.",prepare_for_tryouts|improve_game_performance|improve_technique,pitching_control|confidence_under_pressure|pitching_velocity,advanced,game_situation_coaching,false,0.88,0.03,occasional|weekly_long_term
177,Sydney Diaz,baseball,infield,D3,4,Tulsa,OK,36.055,-95.9151,51,4.3,30,0.91,0.71,"Infield coach developing glove work, transfers, footwork, and baseball IQ.",build_confidence|build_fundamentals|improve_game_performance,reaction_speed|throwing_accuracy,beginner|intermediate,high_energy_motivation,true,0.69,0.06,one_time_trial|occasional|weekly_long_term
178,Madison Young,baseball,strength_and_conditioning,JUCO,5,Tulsa,OK,36.0559,-95.9822,58,4.1,49,0.94,0.82,"Performance coach building strength, movement quality, and explosive athletic development.",strength_speed_development|improve_game_performance,throwing_accuracy|reaction_speed,intermediate|advanced,drill_heavy_practice,false,0.68,0.05,occasional|weekly_long_term
179,Parker Torres,baseball,catching,D2,3,Tulsa,OK,36.228,-96.0134,53,4.3,51,0.94,0.7,"Catching coach focused on receiving, blocking, throwing, and game management.",build_fundamentals|build_confidence|improve_technique|improve_game_performance,throwing_accuracy|catching_mechanics|confidence_under_pressure,beginner|intermediate,patient_step_by_step,true,0.74,0.04,one_time_trial|occasional
180,Hailey Coleman,baseball,hitting,D2,7,Tulsa,OK,36.2261,-95.9502,64,4.6,55,0.95,0.92,"Hitting instructor focused on swing consistency, contact quality, and game approach.",improve_technique|improve_game_performance,swing_consistency|contact_hitting|confidence_under_pressure,intermediate|advanced,direct_technical_feedback,false,0.79,0.02,occasional|weekly_long_term
181,Nora Clark,baseball,catching,JUCO,2,Tulsa,OK,36.2342,-96.0509,50,4.2,24,0.9,0.7,"Catching coach focused on receiving, blocking, throwing, and game management.",build_confidence|build_fundamentals|improve_game_performance,throwing_accuracy|catching_mechanics|confidence_under_pressure,beginner|intermediate,high_energy_motivation,true,0.74,0.08,one_time_trial|occasional|weekly_long_term
182,Blake Harris,baseball,outfield,D2,7,Tulsa,OK,36.216,-95.8873,55,4.4,60,0.94,0.75,"Outfield coach improving reads, route efficiency, and throwing mechanics.",improve_technique|improve_game_performance,throwing_accuracy|reaction_speed|fielding_footwork,intermediate|advanced,direct_technical_feedback,false,0.84,0.04,occasional|weekly_long_term
183,Taylor Bennett,baseball,pitching,D2,8,Tulsa,OK,36.1304,-96.0178,58,4.3,67,0.94,0.73,"Pitching coach focused on command, repeatable mechanics, and athlete confidence.",improve_technique|improve_game_performance,throwing_accuracy|pitching_velocity|confidence_under_pressure,intermediate|advanced,direct_technical_feedback,false,0.83,0.05,occasional|weekly_long_term
184,Quinn Young,baseball,hitting,D3,3,Tulsa,OK,36.2678,-96.0065,55,4.2,27,0.97,0.79,"Hitting instructor focused on swing consistency, contact quality, and game approach.",build_fundamentals|build_confidence|improve_technique,contact_hitting|confidence_under_pressure|swing_consistency,beginner|intermediate,patient_step_by_step,true,0.75,0.04,one_time_trial|occasional
185,Sawyer Turner,baseball,infield,D2,4,Tulsa,OK,36.2213,-95.987,53,4.2,29,0.94,0.95,"Infield coach developing glove work, transfers, footwork, and baseball IQ.",improve_technique|improve_game_performance,reaction_speed|fielding_footwork|throwing_accuracy,intermediate|advanced,direct_technical_feedback,false,0.78,0.03,occasional|weekly_long_term
186,Emma Watson,baseball,pitching,NAIA,8,Tulsa,OK,36.0413,-96.0234,61,4.3,61,0.97,0.95,"Pitching coach focused on command, repeatable mechanics, and athlete confidence.",improve_technique|improve_game_performance,pitching_control|pitching_velocity,intermediate|advanced,direct_technical_feedback,false,0.78,0.03,occasional|weekly_long_term
187,Jordan Thompson,baseball,hitting,D2,6,Tulsa,OK,36.2397,-95.9574,62,4.5,66,0.92,0.83,"Hitting instructor focused on swing consistency, contact quality, and game approach.",prepare_for_tryouts|improve_game_performance|improve_technique,swing_consistency|confidence_under_pressure|contact_hitting,advanced,game_situation_coaching,false,0.83,0.03,occasional|weekly_long_term
188,Olivia Rivera,softball,fielding,NAIA,1,Tulsa,OK,36.1568,-95.9538,48,4.2,10,0.95,0.85,"Defensive coach building footwork, reactions, and clean fielding technique.",build_fundamentals|build_confidence|improve_technique|improve_game_performance,reaction_speed|throwing_accuracy|fielding_footwork,beginner|intermediate,patient_step_by_step,true,0.75,0.05,one_time_trial|occasional
189,Owen Coleman,softball,pitching,D2,4,Tulsa,OK,36.2499,-95.9195,62,4.5,48,0.97,0.89,"Pitching coach focused on command, repeatable mechanics, and athlete confidence.",improve_technique|improve_game_performance,throwing_accuracy|pitching_velocity,intermediate|advanced,direct_technical_feedback,false,0.82,0.04,occasional|weekly_long_term
190,Harper Collins,softball,pitching,D3,2,Tulsa,OK,36.1987,-95.9596,56,4.1,35,0.9,0.78,"Pitching coach focused on command, repeatable mechanics, and athlete confidence.",build_fundamentals|build_confidence|improve_technique,pitching_control|pitching_velocity|confidence_under_pressure,beginner|intermediate,patient_step_by_step,true,0.69,0.08,one_time_trial|occasional
191,Mason James,softball,hitting,JUCO,1,Tulsa,OK,36.0873,-96.0592,51,4.3,21,0.93,0.92,"Hitting instructor focused on swing consistency, contact quality, and game approach.",build_fundamentals|build_confidence|improve_technique,swing_consistency|confidence_under_pressure|contact_hitting,beginner|intermediate,patient_step_by_step,true,0.76,0.05,one_time_trial|occasional
192,Sophie Hayes,softball,fielding,D3,1,Tulsa,OK,36.243,-96.0766,51,4.6,11,0.98,0.95,"Defensive coach building footwork, reactions, and clean fielding technique.",build_fundamentals|build_confidence|improve_technique|improve_game_performance,fielding_footwork|throwing_accuracy,beginner|intermediate,patient_step_by_step,true,0.78,0.05,one_time_trial|occasional
193,Ella Bennett,softball,pitching,D2,4,Tulsa,OK,36.2167,-96.0723,59,4.4,48,0.92,0.92,"Pitching coach focused on command, repeatable mechanics, and athlete confidence.",improve_technique|improve_game_performance,confidence_under_pressure|pitching_velocity|pitching_control,intermediate|advanced,direct_technical_feedback,false,0.81,0.04,occasional|weekly_long_term
194,Taylor Scott,softball,speed_and_agility,D1,5,Tulsa,OK,36.262,-95.8987,56,4.4,42,0.92,0.72,"Speed and agility coach helping athletes improve reaction, movement, and explosiveness.",strength_speed_development|improve_game_performance,fielding_footwork|reaction_speed,intermediate|advanced,drill_heavy_practice,false,0.78,0.03,occasional|weekly_long_term
195,Drew Thompson,softball,hitting,D1,3,Tulsa,OK,36.1056,-96.043,59,4.6,31,0.99,0.81,"Hitting instructor focused on swing consistency, contact quality, and game approach.",improve_technique|improve_game_performance,swing_consistency|confidence_under_pressure|contact_hitting,intermediate|advanced,direct_technical_feedback,false,0.8,0.04,occasional|weekly_long_term
196,Jordan Carter,softball,catching,JUCO,2,Tulsa,OK,36.2102,-95.9713,49,4.2,22,0.9,0.86,"Catching coach focused on receiving, blocking, throwing, and game management.",build_confidence|build_fundamentals|improve_game_performance,catching_mechanics|confidence_under_pressure|throwing_accuracy,beginner|intermediate,high_energy_motivation,true,0.61,0.05,one_time_trial|occasional|weekly_long_term
197,Reese Wood,softball,catching,NAIA,4,Tulsa,OK,36.1406,-96.0831,51,3.9,41,0.94,0.74,"Catching coach focused on receiving, blocking, throwing, and game management.",build_confidence|build_fundamentals|improve_game_performance,confidence_under_pressure|throwing_accuracy|catching_mechanics,beginner|intermediate,high_energy_motivation,true,0.63,0.07,one_time_trial|occasional|weekly_long_term
198,Ava Wood,softball,fielding,NAIA,3,Tulsa,OK,36.0614,-96.0873,49,4.1,43,0.96,0.75,"Defensive coach building footwork, reactions, and clean fielding technique.",build_fundamentals|build_confidence|improve_technique,fielding_footwork|reaction_speed|throwing_accuracy,beginner|intermediate,patient_step_by_step,true,0.64,0.04,one_time_trial|occasional
199,Madison Davis,softball,hitting,D1,5,Tulsa,OK,36.2517,-95.9123,60,4.5,38,0.98,0.74,"Hitting instructor focused on swing consistency, contact quality, and game approach.",prepare_for_tryouts|improve_game_performance|improve_technique,contact_hitting|confidence_under_pressure|swing_consistency,advanced,game_situation_coaching,false,0.83,0.02,occasional|weekly_long_term
200,Connor Ramirez,softball,pitching,D1,5,Tulsa,OK,36.2385,-96.0263,69,4.6,35,0.99,0.75,"Pitching coach focused on command, repeatable mechanics, and athlete confidence.",prepare_for_tryouts|improve_game_performance|improve_technique,pitching_velocity|confidence_under_pressure|throwing_accuracy,advanced,game_situation_coaching,false,0.83,0.03,occasional|weekly_long_term
